Fir1,Cir1,Fir2,Cir2,Fir3,Cir3,Total_Cost1,Total_Cost2,Total_Cost3,total_cost
47.58500101408589,11296.118000188804,74.69787990719999,16136.946546636074,270.81484939499796,9995.277528125407,235313.66796923708,850355.7929258973,480363.7214281522,1566033.1823232865
35.69555631200623,10299.07430921967,98.75711936733843,1984.8801832748513,158.5020648248753,9176.584115071808,184986.54623993486,91484.01496113255,338770.53105446626,615241.0922555337
41.78968939922066,18937.12745404565,140.6437453344411,6828.755390920683,254.57455382069708,11171.607593171479,693680.2594889746,273017.80244098796,500121.54637379444,1466819.608303757
11.404616423235531,1749.109416001612,63.92453711175952,7706.211565594775,179.0153014434724,13071.1435874581,18786.04718895308,193706.62167629148,459885.2323696596,672377.9012349042
9.986820982818257,18579.71803089765,91.10956026007065,7346.949347706615,188.97422069104493,5023.17137899597,292935.3567526733,227140.26466757437,181841.9570215818,701917.5784418294
26.713065149979656,11790.95938049996,139.98333456872723,8686.020325903524,284.3534916399925,7119.2831687188645,173692.50143280652,334886.65817482455,400350.602338549,908929.76194618
22.165305913463673,18394.277654172794,52.18233967754895,2298.7108058892136,194.59308064219897,11635.148565339825,454359.6194457334,73908.24156821432,443682.58141136914,971950.4424253169
7.83519917195005,6649.631140078464,106.0168183461842,9222.57071238599,186.0797377770223,9272.530144595277,55612.669624208036,301483.80146528146,372352.5660395697,729449.0371290592
39.473622108257665,10010.070116491812,76.01577909620511,8104.499893243458,273.6525670874024,11024.171492171148,191938.70852016116,223101.65932928282,515733.151503708,930773.519353152
30.76969774317048,1703.1450595943597,69.809763275974,4780.850640229299,250.69062378436988,6752.727437167377,32581.33875208623,181114.1638547536,285492.9331950292,499188.435801869
9.355682060677285,12329.127691159008,106.53302545716099,8948.343417943322,190.59659129726487,11116.94724979405,600130.6028719418,294398.46089030534,425198.62214490457,1319727.6859071516
47.49539132541333,3290.7708297682975,147.2005329631537,2926.0850535100235,298.8872693231645,12411.080742755585,81159.24479952542,169132.01200013654,587536.12511784,837827.381917502
48.315969620653405,2462.110830954974,110.85272726964666,6279.202745704533,173.4302261895899,4158.851276644313,61335.181792965755,222298.98594076748,143633.00189295632,427267.1696266896
15.926074689495163,7457.624311593257,61.409578488793336,9208.359624295614,296.5919898849671,12726.690315222368,90880.64174453114,221133.9269143627,595501.7344831234,907516.3031420172
2.6850375346457014,7056.297555709329,102.33909113743664,3152.7665898218197,220.15218187273155,4648.444013590546,31321.484479777282,148274.06494817164,182987.34033564915,362582.8897635981
16.273842728381137,5426.230020319042,56.766836190000156,9031.844100984712,199.54270012531265,10305.931491776575,71627.03828047353,207980.97581214318,414427.1747791008,694035.1888717175
26.48333303771273,1463.6148495742223,120.78350972297687,7583.959191101646,234.6347725026804,11044.475475796236,25651.605202481038,273824.54832814453,474489.52177316876,773965.6753037943
10.057868320750824,1404.1188061573557,58.172534574677826,6021.249000014146,180.22925670094693,10866.94116020376,14022.755391331091,149123.6403253281,406058.3028393045,569204.6985559637
47.035448136645265,18842.286271745026,66.57745401632758,6102.1413652845395,273.49098190200453,4529.762139275448,738737.3722456595,162702.6549447904,200903.92584527726,1102343.9530357271
46.171837516132726,7663.524493582493,116.90223373291083,19402.209302297953,152.4300596009201,13507.841350615176,172446.62715063666,1388927.4794894494,431160.35552983015,1992534.4621699161
10.603160258538114,8636.6873585756,91.17655415845084,2462.6098742343593,156.020828862805,6258.328507074863,79879.5164248082,108486.26037203961,203975.1025052447,392340.8793020925
3.216137156616365,10117.636785774268,115.09734671509541,2436.0886632272723,283.4870064544294,11605.252493918373,45303.35374528196,122456.46068436556,544629.9733703282,712389.7877999757
7.9052870237633694,5536.765769597744,70.13637821359744,1287.1030000750256,168.89327945690374,10020.611114829373,48110.864953090306,48888.271760914795,371280.056577163,468279.1932911681
40.307652056947944,3099.0081494964984,75.86208348880388,19335.292019634966,296.87273326509234,7390.144491136337,69424.47234123731,1085991.0613707623,418939.814512455,1574355.3482244546
1.2705837390565176,1799.7706030908757,70.48812741507126,6945.2404900593165,239.13627409628958,10215.341762956783,5488.1891015618,187296.9200187192,455073.5240130227,647858.6331333037
40.95760999428688,1339.6047599348624,137.7830078152041,6150.82882151725,240.47251801844203,2622.6575730917116,30292.421018793346,247205.18372288038,108373.18332193837,385870.7880636121
36.72135123400838,9127.689540981384,137.05784250460067,17455.81703862214,236.30387596936478,10842.19819614586,171511.72069776827,1435332.7042745198,470428.2707804699,2077272.695752758
38.79224698761134,8302.206296033952,73.87962113815394,18987.940849544517,214.3593553953999,12669.538642061216,165051.74328299568,1062128.1500687483,496538.4680263959,1723718.3613781398
4.628187934970428,13913.298371168326,95.12393441809881,3012.210283671395,191.38840415708202,5495.5858714426395,2018035.4197803661,135919.17546784648,200333.56141762878,2354288.156665841
18.564820698669358,5146.823869436219,148.49896561408752,3941.7436393566772,265.2871996369803,10186.463617029272,73344.0893142357,228978.56855554823,480899.9176988367,783222.5755686206
6.677583916731356,19049.26249505428,127.20124763099903,18949.988916878512,183.94086450047791,9153.840347208115,240598.90204300487,1443417.485515307,366975.79113517114,2050992.178693483
31.541608214550337,2698.8090439329308,56.520459126049204,17776.88267176569,184.999923397399,3017.0467174018772,52381.18353582463,881756.2881402022,107953.37991966779,1042090.8515956947
32.240316096405444,4173.644975749429,115.6780104724294,1292.502942134861,240.89954509065382,2176.9838530007705,82049.94088691726,65156.74469520268,90044.8721800038,237251.55776212376
24.138531332935514,5401.762326285425,88.04200075075623,5808.929244412567,156.74952318531365,3264.998413970894,89690.44093616883,182925.56162891627,106686.52620693008,379302.5287720151
6.860118050976784,18911.903708567388,127.56118509253275,9554.830676714917,260.12268885624695,1692.7599656867505,242346.9318915628,345452.7161728904,73035.37830577393,660835.0263702271
28.502582680905316,10741.081709313663,102.33296311947413,16956.23052662411,289.32893247683484,3241.4771889331696,167586.34673019638,1180568.4162116635,148290.95964035386,1496445.7225822138
38.77739181777349,5382.726422637415,78.71379580845755,4582.271509235772,199.79572571037681,1857.875923833547,117883.52132064496,185767.11316301738,69342.40841596658,372993.04289962887
21.94950989956893,4542.326980740836,113.45824175503037,2935.968916585799,162.23980800072576,5985.759153296736,71356.60888410342,146388.9353578806,199311.34683406458,417056.8910760486
6.286679922671918,7652.379924167872,89.59704726624548,9238.073060019673,154.17783612316117,1758.5281187112732,54070.27189114872,274493.6968275817,56943.3852659956,385507.353984726
2.540030098649978,2099.010854704531,141.50900684070433,2759.884177975977,244.70629890723765,9532.491768562642,9499.954849045305,155990.9013138229,440520.8907763259,606011.7469391942
25.919963867070436,18627.293380709045,119.58991181688025,9246.398481466418,176.19707788444944,7316.107151312938,512215.27884868556,323527.1706540462,312694.69693603157,1148437.1464387632
45.47075722237856,19903.24863028227,129.32613504382545,5915.521200953378,194.38980441549242,6995.130432599575,759508.9263233567,230890.2659163088,257183.05271308334,1247582.2449527488
13.215319228294872,4304.009735170259,81.67616770675266,9253.663061125586,249.57367122790876,3025.84875979536,50347.49791727564,260883.7705328521,127613.60530111747,438844.8737512452
32.03678406901075,12265.85876199236,115.42925523249619,4786.136392869215,240.13680084886292,6418.910250927867,1029021.1106497276,240980.9894021545,265037.9387256546,1535040.0387775367
43.701568919198166,12021.637948918413,65.21042832222729,17671.930886435155,201.14378571533373,12984.637983279792,316201.2716988886,951785.9492007063,487925.843848991,1755913.064748586
27.427769853866884,3460.7835043732794,138.24163684073386,5073.723176870127,257.2078250253054,6356.448756347781,61907.137109983705,211626.35179318782,272558.9782817961,546092.4671849676
43.175798579560826,8760.611048343275,66.5954895295785,2541.834392188544,291.888696604813,5745.139405357749,182856.70227510377,93765.51722527502,264106.29270883155,540728.5122092103
1.3406543960283446,8081.081823233965,138.1927758304644,19078.323493358956,194.3736146244804,7522.234292224517,23225.079827147165,1517234.5184262404,335401.90786986926,1875861.5061232569
11.883282713065782,10421.638966496645,51.2607519975759,16636.692295793582,182.6837069440116,10780.101681378817,98418.19462790251,775768.3637620087,406876.3717269601,1281062.9301168714
6.873402999350457,2539.878102245311,105.97556836383825,18721.499654522464,249.27518776709974,2892.0145572605497,20358.777785931714,1294504.669089079,121888.98665202159,1436752.4335270321
13.337332495442844,7608.374950141668,104.07937549855444,18494.56556080379,170.18644006561615,3396.1911251328006,83171.92921041207,1273889.8483567862,116086.08128257832,1473147.8588497767
14.957184224495913,6073.537133219005,97.11678989328146,6108.216773261677,287.7596313122337,8721.914194906354,76030.40830058095,201565.60180961783,455196.62054645916,732792.630656658
33.93464182288805,4013.4970005684004,64.19719897609939,18789.331807909606,231.04491101422497,4496.850668954057,81299.2101646382,976705.9574945881,181778.83309608948,1239784.0007553159
36.68260108198112,1555.6983776566237,124.88263369633064,6555.279097831669,234.8617425919934,5290.001490861953,32981.02596537335,246563.51005402277,215774.85167719767,495319.3876965938
31.982985699085393,3448.527481995459,112.09285674784311,1416.3532467251703,162.75845782338615,1766.3431906305875,67478.1090027462,70137.05833151944,58917.859535243406,196533.02686950908
32.04295582728384,7367.258230923696,85.23749466096544,6719.875478851947,232.33092023138997,7197.234828436816,135387.0826006872,202785.22326784773,360499.1604471785,698671.4663157135
5.424198732666007,4054.4380249178557,97.12871673981645,2067.3454696013414,241.07029213253654,3811.208348078711,28355.183064176505,94392.1417377721,157701.42337352852,280448.74817547714
10.139407009592857,10641.886941455889,62.62647415645027,3002.4711440482993,164.24479128425648,3476.709470822045,91251.78290368941,106985.21840503802,116547.36142038269,314784.3627291101
1.8128036174649513,19642.537382521044,56.964114816240574,5944.495361719358,298.10042378693186,11742.902855298222,116948.79088917011,145814.81964488846,564487.4804770593,827251.0910111178
12.09829298469896,5936.268040219036,135.57372589057863,4048.789671153302,229.78076497575248,1654.1948628929765,65976.0995675269,223338.91259336393,66667.21762209116,355982.22978298203
19.950031968726332,3032.6321377122094,114.28819100587077,17752.12162502665,271.87107315662576,2647.4247843171643,45063.68499927802,1311426.831835821,117035.28634509645,1473525.8031801956
17.712251201462667,19296.8480733209,80.53106766967312,3098.2054048109508,210.40555814918403,8371.482333559841,428488.1717130908,127232.96073023407,373603.9730107912,929325.1054541161
28.204839768373652,2288.904122998266,126.60647765353026,7721.994015992284,236.7738762343995,7904.674707989113,41617.37058438893,285632.7475660619,384974.89487148076,712225.0130219316
5.562035622489061,2279.6614279066625,76.0286857566003,6848.1208019341675,263.0208165989395,7311.277919172918,16174.994824366866,193155.96469097864,389484.9996466158,598815.9591619613
17.612459761386333,1869.0986424377443,61.09894692134811,7734.074027068043,242.8759103048755,4891.24577206798,25832.13129047191,189419.0367663699,203223.4624035257,418474.63046036754
44.95840273767628,19408.679250428137,136.456360952267,17650.06922970392,192.68120785154008,2212.0965688183596,741546.7444418703,1444234.2019173359,80937.06565356674,2266718.0120127727
39.21390174702357,3471.6385624820073,88.04005489704096,8461.88412215691,242.56589166429845,6372.543684141873,76529.80616314162,251671.2645423637,264583.19089945394,592784.2616049593
8.919806990636076,1420.3474790509479,92.25484283119445,4683.39829080096,168.83246848477157,13212.77085611863,13233.363765926653,207696.55524033494,448803.675320126,669733.5943263876
32.94610171562742,4108.852602641715,51.80065556004545,4405.811859046335,231.65173314514817,7198.189632637699,81804.89439005066,141071.71655164583,359947.3065167853,582823.9174584819
12.625205287343203,5194.622642986447,80.47510953861334,3233.4747028541797,273.0101253083474,12556.016158562486,59177.52698637721,132735.86662909147,563548.3187738047,755461.7123892733
16.944585209804117,2565.239866701011,132.93946648588468,4140.4053127161915,156.23684397698906,9446.896520319142,34665.55167675647,225862.0971049006,342409.1287691038,602936.7775507609
28.847121563438108,3870.0999438371045,104.06984766449104,4065.8932200522904,242.04568544840757,10011.864632500176,71297.98642564763,193043.38161429865,452081.2032302756,716422.5712702218
5.5900636235765315,9214.361219809436,59.65344701954408,2587.5324127031054,284.69029401656053,4192.380991660893,57944.17609156646,89706.54012774763,190093.71779521313,337744.43401452724
19.018074349912244,18928.702483184377,74.1893828258839,1363.4503623084531,271.4886630454349,7741.148503471385,437898.19554458803,53457.07210023708,409898.47460356605,901253.7422483912
13.994916016404547,8974.819021596324,51.24040362773148,4149.215362339193,237.46953286493752,8599.677347577803,96542.89558563539,132045.0201719791,405968.36993549817,634556.2856931126
48.677517182869835,8554.293561293092,80.12652607600003,5589.199992331954,204.7233705311698,12082.837715499887,192731.50178878545,168038.95328702903,468306.8076210544,829077.262696869
44.71028120367855,19695.575311236735,79.72378077086172,3001.5642051453306,219.92723866913354,3883.115346107996,747088.5772980776,122564.4075609411,152774.1581700726,1022427.1430290913
31.92579267386588,8777.346119985817,79.99191115069847,5224.864790215235,178.49042046863414,12358.352254628766,153472.73058475147,158936.1549134329,441282.4081907436,753691.293688928
25.13336699712433,1591.5475748057158,135.22638743911813,2096.911025277227,286.7008785117946,8803.899326329229,27055.506172189158,115501.21194141704,456939.3357496997,599496.0538633058
36.40015364781376,8002.000530751462,109.32215701073844,5449.864047600348,197.3659726874244,1139.7078465341126,154794.50076450448,196260.17388872756,42253.254331206386,393307.9289844384
2.191482355141238,9990.988227139585,68.53301795287145,19237.393251555648,264.9790974332441,13565.510899949764,36027.327900995566,1023440.8584669195,585794.4361211329,1645262.622489048
48.21737887737339,18496.10910849805,109.89785081772106,17540.0123591183,237.68146698891871,9680.87336300807,725857.8451357682,1271253.5355466248,437875.53661789454,2434986.9173002876
16.529178252657605,3378.5300518484582,132.92867993167556,3226.874207924435,225.88974814793377,2581.2382579533732,45002.27144260341,176020.20688780164,103057.32692935763,324079.8052597627
28.283261860459156,9175.812003089792,107.17723520483221,3713.9973314723056,248.7153327084738,10130.638875889093,147828.28111714797,179299.80398317042,462459.1835096281,789587.2686099466
35.10546003707368,10340.296388087301,93.04274103209902,4918.790162886899,217.76092139721658,11444.62784810291,183759.83467266668,219187.83630109546,466613.56606793473,869561.2370416969
28.932997334378882,2219.9698044275474,81.69465877911193,8445.328090572493,203.2092835095319,8926.12130053834,40969.03878584017,240837.63716072607,381459.9286106705,663266.6045572367
31.135354108259317,6110.874684266856,127.38796557301563,4882.011284580436,167.27192675928018,4875.89746857836,116999.22611828845,259946.0622962427,165094.60997776882,542039.8983923
7.864116746589677,6896.877219547901,139.25232899548462,8966.161562154419,212.2238483282028,11596.085132523602,57159.02387970353,343306.10597297153,464234.7928591702,864699.9227118453
26.3981529658231,9649.182832554223,94.33800143791876,1344.356779868865,208.0911617137262,2037.595761055912,147517.25009130884,60376.877589986776,77767.16884492687,285661.2965262225
37.29766226995602,2376.4908680966187,113.13075530919888,2311.8722199773947,216.30501313966852,10739.689637960799,50874.43458045752,115082.40454620743,445267.32674253057,611224.1658691955
35.15377130876813,8457.377571727011,109.16971623063256,10010.845398562118,247.2350203211769,6526.660230400067,157949.98425355979,384840.35939665406,273837.3009918984,816627.6446421123
26.05577754418595,10129.63199789875,145.05310525862035,16886.236360937728,240.2710100918171,9960.900938709972,151958.81886589553,1431103.184273108,448752.64518278703,2031814.6483217904
25.57429843967278,2993.6733899453225,110.06510665483559,16606.378895113194,237.26049711317802,5322.150470177259,51409.67045714433,1190127.4720428004,218301.90499573277,1459839.0474956774
40.11646376937198,5598.855301388022,124.35939161765597,17023.19718796978,210.2192668633565,4157.514992585235,125077.81184653603,1324920.1474571466,159565.05654230155,1609563.0158459842
32.84823260811049,19746.589272075784,100.62660594952027,10216.798539611264,200.7126614049392,7321.860053697203,624820.3593173255,1374828.6201809295,336004.3331653108,2335653.312663566
39.99384080236895,10478.874915575765,57.093221613377345,16039.60584923603,208.7613675843417,7517.507539210463,200384.9448488442,655212.1674927385,348676.69237475033,1204273.804716333
19.403564679357256,11633.324986251368,97.24933550065136,17244.506371668012,181.3246403241885,4404.114447512867,142639.6796080944,1168662.8341461888,155860.1047223633,1467162.6184766465
29.335726908812525,7202.764856635846,64.00240975533177,9859.885366663233,232.85492067258514,9746.75208956171,126543.61721567885,240451.71104960507,434876.7766924232,801872.1049577072
27.589587100671256,7661.911692974434,83.13470071030508,16267.215529789464,236.5472418626523,1953.331656079506,127585.36570174698,953667.3197934051,79988.53637531557,1161241.2218704678
15.040521354285936,1630.8590670359647,98.20410581120825,18133.706542378346,201.82212805851685,2837.1966359637754,20564.547796945848,1219729.965048436,106482.07466434792,1346776.58750973
2.494512247013422,8541.542247830326,111.07800710757682,2272.498628480159,231.04183397811317,6354.675062613968,34465.91643871342,111954.26171625592,256876.87887481533,403297.05702978466
2.830061248711506,3521.599326818147,78.06832155159744,17669.658609523936,161.89204269467876,4501.726542051882,16955.322398365948,1053462.5886012502,149720.60221505372,1220138.51321467
41.307427472323255,11783.276116969604,70.69925784384267,8398.69384059863,234.877584046987,1747.8757165748605,223974.9642759581,220887.2322689267,71297.06931446712,516159.26585935196
26.589919742685414,4802.854640651392,50.76640326492253,2264.729830370234,194.44887028497,3554.23512002145,84373.24902354134,71697.02107935287,130696.83237740074,286767.102480295
11.575230347345316,2986.788966353605,53.67213625008211,2408.003028922474,172.7168282903036,12512.039488410177,32356.237100602917,78658.87334876161,437184.47396194714,548199.5844113117
27.03637694683925,18788.032678630105,107.20486433693009,19946.464724156056,290.93528835377487,1199.7512662914162,532255.67934936,1335290.8806832854,55053.757532769014,1922600.3175654146
41.963025905098085,9594.047405847703,149.28168389990702,5135.680592030185,295.6410374406928,10670.221768018902,192574.54435706715,223235.11545904464,526446.5406991084,942256.2005152202
21.038694276299225,11001.650557786152,77.47315255195196,10195.797995415196,258.3099096305678,6295.19200264199,143062.56891683192,1097216.479409664,270567.89703787403,1510846.9453643698
8.665415090883215,2550.9696585812017,92.18281785388314,16285.398206204625,210.81342377087324,3713.4717849844797,23373.28598136828,1016303.4051043512,142743.7158501481,1182420.4069358676
36.01520021230306,4031.3489221505783,121.40326444668564,2262.80318974917,290.39058723728397,6301.157516608136,84552.1718327068,117239.35356690647,288847.0437420083,490638.5691416215
28.163348573058634,4460.240398085287,132.11982825502264,16257.039367198906,153.30992230234364,2568.8710026702665,81027.44529602643,1236059.9508868465,82926.6968386577,1400014.0930215307
1.7052809428580376,5340.640085294675,110.37954529493877,4227.739114963971,215.97834595707525,2652.373384862728,19254.509145776843,207535.5148265923,103319.68372104866,330109.7076934178
6.687559384838895,19930.344405078096,118.65899134926067,4704.528798105495,246.59348691714203,6761.17589304076,249463.70084451803,240608.16065711412,283271.86575421604,773343.7272558482
42.917568616539356,4791.306567653757,95.62365089555419,18256.341285306135,239.9191709488075,7362.687512602715,111352.53615668192,1206033.7685889336,371800.4439792284,1689186.7487248438
32.11958889251454,7572.7648583922955,117.86699566725648,6147.911268010943,269.9675046668675,1269.7360549627504,138263.6592136225,226154.413296837,55914.884970024854,420332.9574804844
3.219896478830181,8049.736496707451,86.1919990837865,4842.829429966163,233.2030537182551,5895.007976507054,38187.15692716216,206665.24305793454,239517.89271063675,484370.2926957335
19.35601811669709,19765.3417109851,109.36607912085384,6962.709356263896,273.88984628250245,9548.929811108334,459288.6613277894,240630.96399932093,469206.07134691376,1169125.696674024
31.667135869997583,1762.0746368371672,51.01311840277434,5588.511931863835,244.7188188874531,14165.269309470586,34279.55808551767,130251.40059482018,2642250.804956113,2806781.7636364507
33.275987949328304,9333.692964602218,111.25734683448192,18248.931763787146,212.12116023234992,6462.712788291421,164660.53283117438,1313752.800377718,249267.8042389133,1727681.1374478056
4.457868622621062,10246.709887069353,122.39730554660937,4570.487235491138,231.1670737318267,11133.147409332496,55173.01657324387,237902.08835124585,473184.25734954106,766259.3622740308
20.020326384119574,18334.90356671713,51.17066107309041,16128.587560286001,158.93806460297156,12461.663030996566,423843.78872553806,683436.1343951463,416537.9948788054,1523817.91799949
32.5211227036753,5002.581591107665,92.2034260127639,6166.974748950526,240.65389795721566,5317.960017633583,98845.69216996888,197291.89793526672,219839.28180749342,515976.871912729
45.36218145584712,18271.61789264718,105.86423964504255,6120.72538355318,216.2750557202932,8048.500539251212,674313.2094481513,212014.97076137617,370297.20904664916,1256625.3892561765
5.9381220674939055,19456.506786791153,115.22916485919397,5155.596646960618,180.34409237373055,8305.800460419065,229216.09795356137,193322.01521242567,341650.9093778918,764189.0225438789
4.48824377455122,5697.390413660364,117.29666223944324,16483.854842270244,226.75611706720514,10199.28761110474,35733.885489611646,1213203.5084183544,441514.0163858992,1690451.4102938653
2.1403248510554675,10781.529724664113,128.89851599207933,4566.72570815279,275.87199121061286,7499.319258493551,37707.713725080976,244790.7913172223,405829.7391022572,688328.2441445604
6.790076553461157,4106.953579115432,132.24223736682785,7998.597062092675,159.30621254348316,5263.276616196114,32689.20487656277,301808.1865535362,173512.05430189788,508009.44573199685
35.14012110284338,8430.549196383454,135.7562337661284,9214.578301663598,160.67335183168646,10585.55555704188,157544.34824271605,346612.2759973969,374637.0614217476,878793.6856618605
31.818199492214315,19418.834124370464,141.66352358412072,1591.8327630744302,236.07987745156444,5956.135673279689,605997.902780898,90027.48145633834,243637.59423057621,939662.9784678125
43.9961286628256,5904.535221321424,93.09852205132962,5931.952536225935,234.90276373317315,1172.6536640731101,139234.43512223478,192087.5566641608,47836.17862347632,379158.17040987185
40.37056558885758,7178.611220269203,108.21987465941139,17704.529679423704,233.68105134901097,10710.782607975561,152154.10757895123,1269085.2144829743,463733.3976430586,1884972.719704984
37.78012283040206,19426.59985649235,120.55858626438246,1740.6070925614779,164.70115271711117,11852.78449529536,670222.9310778246,89827.08296296513,410140.6500078689,1170190.6640486587
49.53475195803299,5484.958803582816,87.45528870201213,7137.519569327784,177.791527550031,3649.554487898043,138650.05136560125,216534.3212815472,127770.88289668027,482955.2555438287
21.2182661686599,2396.43819927024,66.68602016987528,18060.46455219565,231.19051664125172,11814.922799459126,36910.7851087092,977760.7287082938,492903.01511161274,1507574.5289286156
39.04423507635784,10875.705022564336,64.25941440819088,7180.521748873208,156.83777369230032,12079.009388318062,203403.16860514274,182874.96791803453,404581.5904180297,790859.726941207
43.06222484030758,9186.862949574312,65.44597472233238,16682.89761835501,194.49187232356397,2756.5408237042657,189192.02982765727,894850.7691385869,101376.20202261503,1185419.0009888595
22.0207073413759,5725.571179164968,52.54477599057509,17052.55560734935,161.57812953397018,9700.105607414356,90114.30765268904,815852.4504611074,354778.33626022254,1260745.094374019
6.053069572960698,4173.796250118047,84.06041665812916,2277.862365379989,168.492566894842,5635.910744696973,31092.83532108913,95839.92508527951,191589.72003024706,318522.4804366157
45.363716844543916,12121.732923538291,148.80359661555917,5588.433219880489,207.32092122488538,7098.943867177059,707681.8096061341,238627.31204516572,335966.54003333044,1282275.6616846302
16.64636824193033,4910.982990698597,118.82742357802371,8812.638841897133,161.5137092833107,14067.614920948961,65683.71787594922,309034.34775171266,1130485.7824011592,1505203.848028821
47.55303638548944,3126.4727685568296,64.05529675783608,3471.532726749992,150.6281165441937,6196.015792124616,77162.0657646021,125282.55583515731,198093.46440926503,400538.0860090244
29.09845651804102,2084.6502656969824,52.75367198694655,7848.109715688236,246.27292752021532,1981.4897851781798,38600.03575622458,176592.79364085666,82958.79811956917,298151.62751665036
15.367327813205161,1747.5272727016832,88.42067129858003,6942.781794996727,212.31645008881344,7715.990649153691,22312.413399656165,212824.30013262416,357394.9532264799,592531.6667587602
33.953404347774885,9591.78153738527,53.095579091934354,5408.345425867404,200.30574093261936,10329.37549070929,170098.16866924995,129708.2378669952,415921.8698594855,715728.2763957307
37.86635194244632,18743.625333030195,88.79867599468695,1273.2474753696156,176.56233830959349,7093.938063919853,645789.4367219406,55258.532960237775,307515.06304253254,1008563.032724711
25.226594930426494,3818.5208182796882,95.85230088818906,1739.8223170656465,259.2984426354904,8811.154922902124,65053.218132149326,78845.23561478523,432586.227330555,576484.6810774895
3.82037924081557,19745.972336218092,78.92447719726545,16905.27292878239,197.30456148991763,9449.542760308379,179752.86730115526,1015237.756934271,389195.9079703229,1584186.5322057493
38.31402095415614,10796.324543005754,132.67073597414873,19822.90398424955,232.03933139782154,2682.988453096237,200017.30560430477,1503750.1250080313,108712.25911287035,1812479.6897252062
5.955011130016722,13670.420893375982,78.84054378187457,9403.582303571571,288.3651425484187,2217.799509687334,2046173.9110201173,259375.9729797957,101273.56151112219,2406823.445511035
4.565387311845483,6850.668890232628,88.55119047369223,5348.633787186481,202.49067803560712,5008.427921779058,41594.042911509896,171556.11175875657,188311.42077368058,401461.57544394705
35.60586913066832,4835.215590336019,104.14076073475852,18635.459864165077,298.8771930242957,1576.722305127081,100736.50252503275,1279012.752664215,73433.2046289216,1453182.4598181692
5.157047990174404,19428.32887603814,105.37114853580113,7496.200284004316,281.1461001205621,9746.251962212536,211107.1179958966,250915.2043271163,482354.7903173962,944377.1126404091
5.09153511823477,13981.71253750327,84.24479788347134,2013.6119427890562,259.63055186642407,3387.2263558339655,2205641.091019549,84826.73376995577,145992.2238719288,2436460.048661433
39.0801988804444,10446.320516160118,77.02476921307833,9640.52250850056,213.0016506443494,6504.831691026078,197215.0890349974,261677.13178539427,251463.57133300923,710355.7921534008
45.411364869642064,11841.585186137763,84.72770390305075,8089.329750025288,270.6248347475826,8811.742393119754,237687.87402055803,236824.93190199003,442900.5941583259,917413.400080874
25.138630110252098,18688.025214632577,63.91967013456955,4179.783612498839,158.94259880169886,5131.605712127483,505981.8226443779,150662.1025963595,168959.7973436545,825603.722584392
48.14645487525255,19988.860789642666,112.0660479824584,4407.764195495578,251.31840680046383,6069.096439242786,787366.0378233544,218240.54140207573,256943.40541843185,1262549.984643862
1.5955692598010007,11773.308958746687,72.77497361032096,1363.752491939897,286.0562940622533,14057.452525752975,34188.02691498689,52890.90582445128,1408684.278056233,1495763.2107956712
26.857354345228693,7213.630069701535,103.33866287653626,16924.94452478421,250.38285448873,1186.723498825969,120317.75335776644,1184294.6723343516,50138.613508211,1354751.039200329
26.631794364337292,9276.082981445727,129.42106625494054,8635.856797923872,236.3390142960123,6777.798083454393,143903.89876050758,318678.7023516273,277415.1606465845,739997.7617587193
23.27251217362089,11345.29286125614,144.4042093825398,6263.237962193597,233.02076643147748,9480.200839744663,155446.67620587573,257741.32160315238,427314.45259239443,840502.4504014226
3.2268726367314358,8527.281140575851,98.34074359731466,7743.56855666319,153.77986422316044,5278.059460102706,39886.94386700495,248116.29743358347,170668.69373268055,458671.935033269
47.57016271975138,8382.603924136569,108.87315221313199,1603.1315420867836,267.03189728034505,12583.95625723977,187323.06049272855,78085.63202775801,557597.615830454,823006.3083509406
23.327180886499935,5513.3384866122215,78.57835555258703,2606.7421838475193,189.17436487662903,3970.880691252626,89737.03247706006,105575.58757847655,143831.84717078396,339144.4672263206
14.591677966075501,5318.122917999878,126.17981913776973,17738.48710715349,235.10864162341102,11797.1037091066,65890.66889974076,1386421.475862411,496956.4890719993,1949268.633834151
10.217936826464305,2390.722551600429,88.6540506823028,17775.381513855722,269.4365414184581,6218.651525970203,24094.944322645337,1136768.9308361195,273551.89679367165,1434415.7719524365
48.745345575642155,8215.929823405368,148.07393435834294,4736.418114106215,189.19995268280758,11816.794703831838,187240.24661124533,274693.90626790386,441595.2178566387,903529.3707357879
35.20992398696751,10862.553917588142,132.7518922106303,6443.871429615336,239.8948930509583,10856.20909517948,191285.89529985908,251621.94663782336,474757.07342241716,917664.9153600996
27.2687219508619,10104.45567496489,126.45277946547176,16250.165934705663,227.05617828229572,1972.1446224640422,155747.20254289033,1203093.8696073166,78962.03632082797,1437803.1084710348
16.16685319803006,1487.1992503222782,107.35289514555733,19947.52009816845,193.2276788939294,5424.312580645791,19556.17542139472,1336358.5968183926,198775.45191754485,1554690.2241573322
40.875955965640486,7483.708724896971,145.60471436119332,1570.4941012584636,150.96965366845657,10348.032859209572,157860.51954427175,90216.3050445369,356646.2766931319,604723.1012819405
34.551827455140085,8223.716756931284,70.04745155284027,18049.951450027707,224.4358832851221,6894.470391149391,153174.03512542805,1004924.0337513948,274290.81083728746,1432388.8797141104
45.63543204019828,12023.275015319314,135.39619669554222,19494.2697641316,260.19124510658025,10578.523996450329,330637.068528991,1512295.1595096008,487880.2532542833,2330812.481292875
41.30432490323528,11138.448387810691,93.91498166337483,9835.180833002125,153.59193979057252,7133.386075509156,214196.03954182402,297951.4550559381,285825.0596111628,797972.554208925
3.215714835203281,4719.781727987376,112.65925110932102,17198.40100367344,232.57975208943384,3018.062724180668,24448.67079127752,1266843.1004273514,122445.5834903195,1413737.3547089484
49.37653033643228,5626.163634949687,118.77220424305607,2349.66289183604,179.44414534666006,3165.351855265582,141952.86699688568,120236.04482744212,111382.38260690586,373571.29443123366
8.370427664072881,18613.656351129826,122.27069576982285,5005.068929450544,153.38467675580208,13234.25118428753,265433.59234979603,195237.88992729597,426325.9524153622,886997.4346924542
19.663651974920054,18754.284509304773,63.443512940812184,9913.037009903996,236.56756235818597,11969.714623173686,440968.24487394065,240410.06767020404,503697.9446750916,1185076.2572192363
48.52580549291556,7680.831057553054,79.93955883716812,6102.681181619209,283.59876831927636,13281.740129333692,177835.8906067181,180416.8350478491,598930.8971059842,957183.6227605514
42.26382723364973,2926.995740535114,85.87155254170135,2918.584029537461,239.5417835119759,9708.906109099817,67416.10444272378,124287.00436211677,440581.5660640758,632284.6748689164
42.07810653084575,10231.563424540187,130.44372076795048,4182.330692788046,271.52416349395537,11045.439077797,202647.51879674068,225707.58963012896,514192.894392122,942548.0028189917
23.965964829953545,5878.754786689651,77.8759872414553,3798.2357074897277,214.4510045032722,1653.160308682779,97203.04844006227,153053.84449318756,64146.211508501845,314403.10444175167
21.326155614545595,6412.585137276534,71.07049638672032,19488.459160333667,262.47898969324035,13140.297417492407,96936.47162612893,1049803.0596799364,569577.7067887352,1716317.2380948006
43.371396436497605,11244.064256829835,149.78208556819783,9355.069243650261,177.11777258435694,6560.446855680749,222057.2025550788,371445.3090587779,229203.74968557252,822706.2612994292
40.8321494473738,6914.84628396407,117.68212988573956,6289.001151590475,190.31964225452973,11363.13105402255,149201.05875712703,230262.4654550701,431250.19012964383,810713.7143418409
38.680383343845016,8857.432928981678,123.78695185615301,5417.613851948792,233.27006801297827,4103.7345451199735,172867.5852290113,209574.87563310895,166763.65091511759,549206.1117772378
47.29352076423897,3315.8357734020037,133.4144597000676,3463.9005862604718,238.19874441957492,2981.948659685761,81573.46276045991,189341.3110407245,122578.0149746098,393492.7887757942
42.63272214319316,4441.837641158926,124.04761319535191,5872.798159318553,213.97496208627916,3764.7941729598238,102828.81612529703,224149.4898301015,145904.0549754888,472882.36093088734
7.328811342423254,10978.104289674144,126.8922782107641,2188.73200216958,163.168235558724,9877.95892414255,77511.44792268085,116282.967817214,360929.3706980822,554723.7864379771
30.702557088093123,3030.661538800133,126.61159327955862,16371.449165541851,227.7116247060517,13341.564128382273,57902.9392466015,1241705.1636120947,532543.6684079324,1832151.7712666285
31.288283782436896,19295.610629514016,58.86047139696791,17428.519515304662,210.0469254259491,12895.039470635225,596921.8921065498,888625.5030729264,497208.23490013194,1982755.630079608
18.549973183609186,10187.36728767857,98.7627809667211,3943.5809117254103,271.779918601557,2430.295616381799,125224.86723869128,181767.3070216613,107416.78516315515,414408.9594235078
33.90708658404718,11454.304300968974,90.75430310324307,10206.221906520206,247.40682303549335,1936.8707550866689,195102.61077157152,1247979.2020878782,81295.80080199424,1524377.613661444
26.49507734428587,1824.838124241564,90.71064891256276,6745.970714292192,250.3314796561028,5892.105113356916,31990.748986107334,210737.9599007055,248911.09708124716,491639.80596806
26.488011554487677,19076.663501926483,84.88205339694792,16272.292919186028,289.912940859047,5940.912764796244,535777.1290554219,966381.8333756785,272086.5614441753,1774245.5238752756
42.75689351560847,12430.624582780292,61.099809879131485,3605.82127490212,153.02067734239347,8316.103058660272,1829652.5312717147,126708.77904238875,312485.78669566265,2268847.097009766
7.566746194081396,12608.638788168842,102.25765993367452,6199.167939354661,249.45408055847213,3137.559480006003,909803.4849525366,210105.09556031047,132290.07814590234,1252198.6586587494
31.39516801631977,18100.43934456221,100.06242680704179,9732.097087058837,299.5424126117505,13143.04909289942,509016.57115654554,305968.3548876651,612625.1070292034,1427610.0330734141
35.49990863686195,7715.006206751644,129.45155444907488,6822.805892813586,258.023619139641,7478.277499216782,148564.5637127295,260268.31521642435,390520.63289837027,799353.511827524
1.7126886177262146,6221.3146754145855,57.29018353679035,8953.538223448268,157.38313718111425,6303.478944711123,22218.4313170705,207466.7822959753,206426.77057552553,436111.98418857134
43.25582172859051,5118.056201724738,72.60289978159997,17900.8669098315,264.0008317443148,13299.500553088732,119494.6316576196,1020193.8339047981,576338.603126616,1716027.0686890336
47.52651055922446,2818.5765548830727,114.0476042175844,8057.877989863159,196.88970373624502,3438.648605679201,69540.36452976635,279276.52323657775,127314.76048605048,476131.64825239463
8.206600565522859,1449.1331348803915,147.89811151748088,4708.163827154358,211.60239495154244,13353.556162467414,12866.949644186936,272870.9550095067,511841.43790939514,797579.3425630888
13.65397502664896,11387.250841567331,114.78174459905284,10358.812344312653,246.84038655876174,9343.48255529216,114344.6129583139,2229681.3423096887,436969.4436431405,2780995.398911143
23.497652055674806,5406.994826203533,62.29206784653876,10180.436402959702,290.18158210732736,1759.0114924357924,88380.3466502566,912843.8168088834,80601.67844421498,1081825.841903355
49.021596188988376,8427.213922204779,138.86590802653987,16926.37800055421,195.50783154437,7883.576310003892,191400.69338301243,1400556.940152415,345993.4028786705,1937951.036414098
32.03664186151956,19767.92488408286,108.58647884535192,8729.291218082748,253.74834777998123,9727.529456285172,616180.451879456,291208.4729181214,455327.2765879845,1362716.2013855618
12.76713532013146,3592.3552985779293,112.47838627894025,7236.429007888449,294.84584629002006,2046.9291680177907,41190.435323560334,252637.31298412956,94621.933319467,388449.6816271569
4.717303077324532,14207.746526904282,57.177580622651305,9625.808312794281,209.03330041594734,9110.99982864275,2344333.629815441,220890.97395831457,392474.82888554,2957699.4326592954
32.40286249535751,19833.863880341578,130.395850755252,4334.34092024579,181.02268397000944,10981.047024563706,621586.1685561922,233862.384277225,409919.0223239734,1265367.5751573907
33.710329187530334,6209.052664636311,77.14093804467143,5366.70779015475,261.7822114036252,7750.395510501529,123880.61889794146,159121.45786144366,402055.2459811445,685057.3227405297
10.422161921624868,2627.5067423321802,78.42740929275166,8071.291849691046,210.798804097043,13582.411008262268,26786.361388980815,226266.8681178024,517056.76293676515,770109.9924435484
9.277818090536062,4645.479169656115,112.95576968917365,3683.24732408984,179.79474207928035,6094.721362626496,44277.64839137439,183187.09046526108,214690.59919004882,442155.3380466843
9.673513729560593,5306.471642312772,124.86452341262,4520.136752283151,286.3879041655489,3379.773390827951,51814.06572791144,237960.5426988051,153750.36567818912,443524.9741049056
5.346424154095725,7744.929810806809,81.75867952611166,6294.218199185691,205.5348278526865,13454.689465076139,49682.68049860695,187485.79913770413,506470.5647745988,743639.0444109099
6.9111576839294395,2319.053012175774,50.013469300448534,5155.486206148082,262.69183865606504,1756.1454193773984,18647.529714890963,120652.56515282112,76180.95344871972,215481.0483164318
23.578159633603562,10862.136027257136,101.11291392372297,4473.917817507525,284.5492934046616,12355.964374945723,151357.61770523986,208976.04636547112,570059.7200116771,930393.3840823881
25.667446271887986,5440.529556298227,120.69764874557161,18615.35185542454,293.4437822270042,9531.717447029272,93627.27271223845,1389877.413000733,486794.6842222499,1970299.369935221
34.829346602838896,11260.226377485702,56.26896216218658,19428.603981558626,206.50146606441936,9726.770076048402,195526.79453188195,919233.7985242216,406574.64897740283,1521335.2420335065
5.0061925654947235,7162.341309192137,124.09040561520715,16156.913003616066,166.3520423461393,5648.446037489548,45244.88092167182,1146244.2360668692,190675.75152489127,1382164.8685134323
43.805352581232086,7327.03634810576,81.62701497293068,7980.423845244339,187.28097313911388,9004.716751033928,161934.60888785575,229181.81624837496,366777.8130505483,757894.238186779
40.50386270986,11597.884930030474,134.2711902160555,16122.601355726545,195.36994761922045,11460.842056285921,218636.79024321295,1174345.0470018405,440063.2118094713,1833045.0490545249
31.2944838049845,4330.755904795533,87.73180539631929,5743.710102064373,291.7536096870853,1926.560057449668,83670.2782311626,180874.03471846966,88542.14169843387,353086.4546480662
23.664201090524248,4817.740084522073,58.9289524525573,1012.4144244646916,199.7425273661751,9322.837442202292,79073.44510850616,34858.28698716863,388449.7452650627,502381.4773607375
37.62607596855407,11180.726004988544,118.70192665032427,17542.711648384837,225.0868976146247,7505.507342621333,203422.1468695562,1328190.987232756,363053.8487950725,1894666.982897385
2.797476941639297,2836.8525432876727,99.38140404569288,16059.30145097356,246.85875650265803,11383.050859482153,13568.284309654628,929671.1705018231,498060.1672633636,1441299.6220748413
44.86513504667277,7603.85896054066,120.38570916343312,3888.922781065344,196.8096066978031,12066.266460877621,168620.68331922605,200531.38469112868,457846.8550601265,826998.9230704813
6.251428555649026,18616.378570109602,121.30460506343186,2781.753998883313,170.59500490733552,4500.72437988081,224359.21176489023,144060.54673293413,154042.6485627377,522462.40706056205
22.923205974349276,5458.199555253617,116.63854135782064,10236.479219083558,292.8580128598087,2083.045363486746,87939.87651414606,1599487.278881028,95933.39160563752,1783360.5470008117
27.098246056296134,8587.002400376856,146.60475051286772,18494.053356510074,199.3233926772914,12168.170538062011,137209.19569373527,1547185.3721441964,463759.3728851659,2148153.9407230974
14.192918316519668,19857.18654100913,145.07727077313382,6537.757356382083,262.77377189350216,1332.4660657603833,384643.2936774711,267865.5273565223,57811.813447581095,710320.6344815745
19.48692399212651,18613.01839056161,120.25405015348069,4943.277787908366,271.7919351956825,1931.0882544541973,433186.55482541095,254740.78525134525,85354.36504229833,773281.7051190545
1.983488691108592,11259.185475330632,79.80522086394431,5524.78641964823,291.86245533388956,11882.63525705197,37356.41513808189,166078.7862035407,562539.2240505937,765974.4253922163
11.360952342830688,10898.2015681688,128.18238633449357,9893.312030451512,278.7759681827332,7208.038920804038,99293.53931101985,357258.3421072678,398850.06182293314,855401.9432412208
17.04737025671782,12848.128072052434,114.4149221475916,9859.688845856557,169.75303551543107,7642.673577346721,1975865.796716942,333946.9007670672,314337.55956902937,2624150.257053038
30.086030224148384,3426.5561890694617,145.6799815484286,10258.041727900965,251.65848618019805,1505.5589554759986,64695.773633890334,1944745.806013423,63787.2898382313,2073228.8694855447
27.31822054910884,6759.438762961244,86.87071708647952,8559.448357331115,257.6197485917868,13829.385913678712,116114.29363695896,252284.46515092812,584877.0098585829,953275.7686464699
29.755214783023078,5999.138828306014,86.98132559871766,16723.50799320689,221.32135728491005,4911.757775388101,112538.97111020861,1055278.3715107378,193916.05780285422,1361733.4004238006
37.526534235032166,7842.591741958863,55.23550201874724,4243.458902937124,277.3647029938014,7697.139891923672,155295.8102330676,140874.41222919902,413352.54057316075,709522.7630354273
22.15131776525429,2665.2121885129322,126.75676285179182,1578.8100398702422,207.50957115873885,3396.092691893875,42092.29319380889,83828.18055452197,129416.78219698495,255337.25594531582
7.251434836982624,18802.198637590194,91.6504431903879,4884.519076821188,175.2417882761569,3467.2832549397394,248318.7749689262,215811.5971044986,120432.35942000689,584562.7314934317
14.9050193841375,11522.24257353515,132.21798868164234,7467.819566170933,275.4663288704804,13847.719180774246,121440.52438833367,284457.7808980387,607416.5701818896,1013314.875468262
28.968136928776683,9496.848269591877,115.73534821701286,18301.508627074014,258.05759978796686,12938.595233439444,153859.98361211552,1345571.9519610445,558090.9302790591,2057522.865852219
12.624112795063729,10442.306175210775,117.78132003100443,1663.3195004682525,274.30634757270093,11996.373050839986,102085.37954688768,84711.28699285776,547260.7198533643,734057.3863931097
10.141784178513982,3210.9615598240457,123.85974581323308,1474.4615802239423,250.65194707993646,2068.064203737691,32221.97666187257,77267.32033289148,87426.54436985808,196915.84136462212
49.136552228521715,6788.903642862775,78.74095964655797,6339.945253170894,282.95705429402125,1635.0478762745715,164185.09933794476,184655.63890922643,73888.59637470734,422729.3346218785
6.489906206234565,2537.466377973791,86.7785987756153,4296.424956745419,157.07950525460686,12016.064032826145,19677.305289606287,184052.33063530803,403452.0149694008,607181.6508943152
20.49492435324134,8656.623396538067,55.80919520803498,8215.278935467031,294.2124929463074,4163.567393940786,117300.36451339257,189637.44196604632,192238.4606612257,499176.2671406646
13.637238525202052,19536.593816338383,133.54802257421943,3384.239639183863,187.31876831087655,10393.045409869404,371770.3474533895,185092.0667503979,402544.43517605466,959406.8493798422
29.009021784025094,18532.386619754492,62.43683990005103,18653.749627022058,170.8881106177056,10511.771114344689,541540.2848021787,958321.9424502534,385694.9989338714,1885557.2261863034
38.70515372640491,12518.80581726857,99.28645844474465,2257.138587854369,231.63860055228764,3785.6765860370033,2034705.281387355,104347.8942760632,153246.56491155177,2292299.74057497
16.86028258380794,4321.933917947838,103.09376784120938,16710.31265848231,205.37042907138067,5424.703776884486,58235.73367107567,1160259.9038103174,205549.7908375322,1424045.4283189252
12.878076888338931,3781.105851082733,96.40951594535039,5454.086400218779,228.08157559572876,12280.007778265932,43572.67753598463,182888.50270814475,502584.077375151,729045.2576192804
30.920382079639996,2295.2738783243776,101.90322801295487,1571.9735720150597,281.98719400905213,6879.788952477465,44034.2953844647,73751.14365253515,310313.86399222276,428099.3030292226
15.142897108772534,1490.4262320402527,117.75422674589532,19268.35416690813,225.82811875852354,9511.46147126161,18867.89729519359,1390979.9786136046,420907.82769810373,1830755.7036069017
24.575864990886057,11441.061182005322,127.2921481876115,6044.431741152374,297.4109311365579,6552.730178048369,161534.0754627658,232938.73668047827,304356.9064560039,698829.718599248
17.493609631502107,6924.5065286199315,62.55502147626534,7033.44430489418,249.47193734628132,11727.287544516108,91082.79855751662,176981.39296877026,511319.86735479906,779384.058881086
7.586319170009737,10616.695393964637,51.6947664889581,17114.07546529697,239.3049555235309,5794.13214101116,77027.04038710719,811667.4771659984,238784.86542882203,1127479.3829819276
49.508051387107315,3007.6290009731347,130.71555373648826,17812.24723622408,213.3288350821017,6048.025732459007,76003.501257607,1418533.1722300088,234001.4948527552,1728538.168340371
40.68384784687711,5104.725467682392,76.5582832958606,6271.828914774127,179.35689601494735,2966.0262092851085,114980.54092605563,180115.1314073556,104340.69386738137,399436.3662007926
13.477392083424428,12772.171143058762,51.75523633666289,6350.704800007003,273.03799784173344,13474.691345593394,1580103.9899355418,145950.2032755559,592657.060254543,2318711.253465641
38.25116513459464,3888.472209444314,127.31418739186715,1195.4054227781485,212.84546606692865,4206.2393295663605,84480.6317220692,63629.26308229298,162539.19022655758,310649.08503091976
18.09454506060677,2105.11211460404,50.135362571546814,19812.068075650448,226.93121134579016,13859.580828970893,29554.344835141812,867404.6428606565,546350.5134815581,1443309.5011773563
46.546928068143465,19902.460026225577,79.98005275652359,6925.709279510779,198.12818141247652,6730.15052759748,769975.3219068461,200669.35420856797,250040.1941360855,1220684.8702514996
41.700350981598724,2097.830658930966,114.64587416379305,7459.465412071715,239.40751736414254,4577.747973425022,47940.015890032955,262097.91242213667,188700.28855809625,498738.2168702659
7.090563950791692,19689.899580004858,134.70608269838993,9413.164594331012,215.28934194848307,2767.330775990825,256070.57693487615,351635.89286146965,107608.72957396827,715315.1993703141
36.81250628497857,5544.4219801025865,52.35949646455291,5959.921998462114,288.10371011679297,3733.4913605232655,117785.85577852969,139353.8130396068,170400.96882316595,427540.6376413024
46.97868238423085,3702.738005056727,139.85606046748393,7524.34734137524,201.7525259886849,2988.5483665831416,90735.72748566687,295580.5139485897,112141.18816720702,498457.42960146355
9.880420242117347,3306.313849026149,128.31984132986258,16856.864014856925,158.20990603874787,9035.927331089597,32681.483026233098,1331629.1892268024,335128.8927250812,1699439.5649781167
37.314911815212895,2919.870409202287,95.79957590035715,4528.928368098526,212.80427149915263,3686.2875301104636,62523.67639605018,205177.979485325,142431.86668469582,410133.522566071
42.24961006115533,2183.544164471191,80.29157288331926,18643.980680192486,150.03405573273832,13225.150040829285,50282.62771212374,1104232.373866999,420996.4504189025,1575511.4519980254
7.848846454688186,10679.020434846005,56.56948589543658,2174.36075309523,287.25023066212907,4746.476657393259,78914.04883166558,73161.22671529383,216281.22969034791,368356.50523730734
39.96809828113462,19937.240223206558,72.8235363493699,2754.8500341161916,276.58191168463935,2854.59072407084,704951.1825819173,106882.59324106047,127392.27175985699,939226.0475828347
33.59466381411381,11013.78781432138,55.78444494471606,9487.576017911886,258.60437831593816,13460.594579220464,188135.78287925647,215074.25265147147,574776.4993039966,977986.5348347245
18.582693722051623,3483.49715806379,144.27243190941124,5686.513700302723,214.58037313695553,13865.361006168714,49668.874280053366,237833.41212916185,529973.701494023,817475.9879032382
12.378422062194048,8906.925965415468,112.24136415659967,1130.681282173337,184.90925233733276,4108.707878627249,89400.98106303878,56032.77341745113,146974.75252041916,292408.50700090907
45.079154090453855,10145.538881071148,128.1321855747305,5036.498266713987,158.07457873626885,14143.775143697663,209621.78606238414,201502.45084479163,1867269.52266777,2278393.759574946
31.587661799785614,3605.084408850982,113.59547071637286,17807.150876362663,270.3602676676986,14046.89362275846,70030.74999171688,1309691.597355535,1225994.9216603823,2605717.2690076344
6.728003994709839,11170.892497599241,88.81657061269955,18015.694114504935,201.1866674636581,5628.681047661691,74798.18123458212,1147865.4803740117,210883.28224451936,1433546.943853113
31.757694600499477,1230.2947182339722,75.99049792428329,6963.683453785518,251.3380160351158,3033.553550009724,23974.228698022736,195856.77128901205,128435.10232900303,348266.1023160378
31.383565040497164,19231.956242099634,96.99882681579366,4508.0166896000155,151.48660432367305,12982.070604678529,596228.2594362386,205673.9500184445,417653.6583624474,1219555.8678171304
27.139593506839756,10269.226834600886,139.01411373960147,7500.044796408287,266.70694597247984,9172.7119098397,157269.34656294849,293752.5886119103,450639.42149806523,901661.356672924
44.80073656949693,3084.9877748725667,120.77213502675275,9169.194775816613,219.11004003625106,9317.53604477444,73523.48093767567,322944.54001881566,408544.8775386686,805012.8984951599
39.641263350002006,11411.230290500167,56.22032261647028,16788.0342500463,298.3260811955495,6897.046893054281,213138.21967889174,830043.3723412054,320892.0509271807,1364073.6429472778
37.453368336061175,10276.581603413786,94.76734254104184,6470.9615108438575,187.29073269199594,4320.844412623743,189940.248029133,208590.6683402195,155651.58188396753,554182.49825332
43.96151620132572,10044.344458006564,74.18932941128892,9243.03453424964,164.60503406868315,2278.4076455087766,204970.65264768552,246841.40666654898,76469.20980030435,528281.2691145389
17.762005687079466,8141.877417769617,100.06035711547077,4123.705052498695,255.95579952149942,6091.9480708031815,103164.37316770555,191479.5906005819,260517.2967302586,555161.2604985461
8.345953940089915,6992.731019212242,93.28160022094693,18699.54337188014,274.1285540930726,8131.105569687262,59728.775313672384,1203631.4144045117,424456.83325177163,1687817.0229699556
35.0034737788879,1730.100630284175,54.99790286596787,8590.856907151761,160.2279929648194,13393.341143550479,35686.9059336725,195542.85803083272,440393.7220869157,671623.4860514209
27.59349772403221,18133.477850573046,134.36496640518237,7209.09941129777,178.06864056157525,8698.745708931263,481254.64636056207,278551.7871869565,349116.1092376732,1108922.542785192
13.338153886440685,9768.07182786995,148.1192529164116,1205.4105890687304,233.33243548284298,12324.828314075296,100107.98991195213,69921.3046439944,510210.02403340535,680239.3185893518
47.41688364097895,10849.752416958878,149.4819293965951,19630.796314153748,199.52339254734068,5017.193901979312,227493.97567770173,1603785.1301499302,187119.07691688163,2018398.1827445135
8.51421875268793,3853.2110155237915,121.17228057460487,5079.221861803753,166.02010560035455,6038.244082483757,34947.879706781954,196543.64808732056,203611.3611739682,435102.88896807074
1.8873990072211848,1791.785111445301,93.69958856656208,1616.4254748965523,194.70993017550063,10554.634881246113,6844.567924617391,72317.4016863984,415427.24505018344,494589.21466119925
35.654693081356534,19173.52656769012,129.2595116288383,6630.79465675248,168.57690400587262,6689.039371259026,640572.5376709127,253863.82791906572,227452.59888134693,1121888.9644713253
29.238129648173846,7711.776761539219,144.3701592820221,16556.064360196964,286.4144255528815,6162.634379065415,132598.5880120042,1379308.5578655894,280360.68968865625,1792267.83556625
21.782402893816915,7644.361365171141,102.14596387214719,5933.7459400578655,273.18752318395565,8187.99653613993,110981.6576449972,202493.43844153298,425455.52867871255,738930.6247652427
23.091129198802474,4308.077371347603,97.69001064679699,1956.6410124177116,187.04417504878387,12963.988309924856,69705.45861403507,89629.44226308927,468325.93601091544,627660.8368880397
6.548664246197007,2869.517344554549,121.8331175372004,2002.5398993324497,278.94680180289095,8907.057981716996,22368.157675695402,103962.95316407637,453397.82992088253,579728.9407606543
43.62492174104428,2561.26168205212,106.50853124527563,5804.304246752113,265.4163869132335,2331.3052187025996,60097.863166753974,203612.0636298767,101706.89343030812,365416.8202269388
29.972496351501533,6613.450772070985,99.8895664535942,7824.966192671117,286.38032043097303,3287.1848406051427,120738.90593409732,252587.02224146322,149536.209736103,522862.1379116635
17.424664840649147,8256.853153405023,85.70293439700121,10069.657564325626,179.88295287556147,10438.125132113704,103073.6345060792,598247.7093488628,394838.00609723415,1096159.349952176
1.22696912722554,3306.341945028722,72.86767796036088,7888.636134622796,193.34527873815878,9471.845777336348,9884.13144138035,212809.12374808386,385475.8813669875,608169.1365564517
46.072925204225264,11075.740531734007,134.8042089601484,2609.07849563083,173.98196450496621,7863.105120540424,227341.79762842218,143457.2678742967,324051.6598549044,694850.7253576233
17.9709537239321,1797.0732452010889,122.88614422699469,9867.169296803759,253.6869995678984,13108.740974222454,25129.350643666017,347987.2443825183,558044.2391342286,931160.8341604129
18.000706892915158,19401.28677429329,59.539927731321065,10160.509879476997,175.13498089567597,2343.235555502957,434482.787367524,817427.4136755441,81362.58134243765,1333272.7823855057
23.15867910360055,6563.61869731833,52.91697636452645,5203.535232475216,225.50176959092312,11161.189859342656,103336.43200631719,125480.18020103492,467576.5230126414,696393.1352199935
23.169536290501977,12435.75020309012,116.24340117010681,16359.709038980129,260.9203849858091,10016.137689826373,1292434.500798299,1180035.6443195674,471270.8004945573,2943740.9456124236
18.757301056715022,7427.08261389547,54.491129899561585,3254.231549090026,212.02747954349388,8807.908494652089,99655.81706564863,107211.73479892084,387202.9739635135,594070.525828083
29.44882916362413,18633.589166194946,126.1007923495392,18741.23903702793,155.97171591686308,12481.783976608098,552159.7603385212,1429323.8724471238,412732.1995933667,2394215.8323790114
33.51333122881882,9209.460775939724,125.42649733470228,1620.5221549054218,293.0448911744534,3741.928830062149,163680.52876812723,85529.31641316092,172392.81446876994,421602.6596500581
9.72376237661782,9348.69480419459,141.84264321454089,10036.327644618157,202.8490581378809,2777.6287313343755,80625.58987263787,597908.0038771305,104537.20089270643,783070.7946424747
5.182133735853549,3308.5261497174433,128.75490858587793,19451.86723999743,292.16695469538445,5018.628236353593,22538.71700138146,1468547.1076912556,230829.37889782598,1721915.2035904631
4.286747392032947,6432.228995544043,115.66310737078761,8935.6729205229,297.1886366086915,4087.7102406516697,38412.16892158243,308061.2590887448,189785.10688268527,536258.5348930126
2.7909337245566492,15345.796646179288,72.08527829630088,7738.6578947165735,171.90315289454438,3733.646952405823,2604735.4579779655,208044.73175739445,128324.47031389139,2941104.6600492513
26.695123197051423,4371.1466199244305,145.04591705752958,8095.7009575214,160.35554053670623,1141.7996679271687,76966.39242458358,321412.64364562416,37776.74574313142,436155.78181333916
22.59737459997318,11355.511459041829,108.16222929891936,5851.391101501638,200.21835628360188,9031.045773491089,152912.05167510352,206768.46041592932,381169.1459730111,740849.6580640438
28.422376234102675,18810.37326344526,108.00888346694546,7743.055986244527,245.346798292892,9411.180337381282,548931.8672165952,261636.90187881517,437534.1115960929,1248102.8806915032
14.266488984034135,5056.715959902766,144.64565131504054,4453.798477129876,169.84030726477226,5497.689041222826,61837.79636012831,254887.4565039866,187708.43476124387,504433.6876253588
32.55597761871177,10611.201166084751,139.25582274864746,3979.441401019308,179.50322959692346,12932.578826821204,179407.50928366242,222879.86082992796,457088.53121877066,859375.901332361
2.243931427356898,14923.22935055876,128.03655030068816,1796.3891176088932,194.98463894918044,8896.927858553949,2014268.7237812043,95926.07009825644,372141.8707811949,2482336.6646606554
8.651477270943328,11302.506904345117,97.63357333010988,8964.474642140305,246.41926057594637,5907.7081534242525,87283.36338072657,280649.80107277853,247418.10730028426,615351.2717537894
33.28727315359742,10658.85039140932,70.46801090572839,17707.274097891008,254.41197923505587,13716.097543265863,182388.14402869897,995785.6401993805,577411.3233811463,1755585.107609226
11.876635934714523,11735.417864321305,68.61358977533479,5396.232091160113,273.59964778199674,10270.103710306736,108016.85479594569,149602.2046600028,491784.18155479716,749403.2410107456
1.9658163499638435,13089.535725605714,70.70758092108552,19204.242169469242,270.1408082312146,7816.107700314884,720659.6273907862,1040936.6718187007,411136.035609481,2172732.334818968
40.19588818328628,4041.361064136887,56.90075926128163,17837.45367045756,166.47946706111745,10123.486789975868,90388.1625724002,887130.2806611778,370845.4667675159,1348363.910001094
9.748688440662347,9769.592013976007,144.07845205031077,18751.778169182315,282.55259515319847,10231.82651760265,83497.1986530918,1542086.3896002613,499343.16893441766,2124926.7571877707
32.98455928474186,1177.3007767147726,100.69204379618347,18411.990346109258,201.4394494138794,11751.183960802766,23455.368645315793,1247415.421687603,455287.6694880752,1726158.459820994
12.91543735897325,19844.389075637904,133.58259279105158,8661.002030492633,253.50703326141746,9571.471326158988,364023.1503837947,325281.4786217619,450347.2972024488,1139651.9262080053
20.461992951304286,4876.6770579490785,115.46506868659546,9140.700173127114,186.120572410976,4653.99968290266,73541.98559194777,313956.9983774445,167077.78243912765,554576.7664085199
44.92045510753487,4572.469957692907,78.24724263700037,16825.664595910333,194.69658532437657,7372.729456430592,109144.69282952743,1003611.950903099,331777.8997087177,1444534.543441344
11.186426502155339,11530.303768508316,62.786680122241755,9194.732420479279,150.90705647759677,12999.343194847046,102883.03053492667,223624.3579616738,417173.332091179,743680.7205877795
2.300077989817166,1099.362657315342,126.55467505158609,8201.769222277666,222.5790328296467,11315.868445297228,4701.306612284615,300837.0121251668,468613.3637387811,774151.6824762325
29.569036487514918,1670.9157438645425,91.65658284822922,5772.216083419625,196.15186342169227,8140.603161150878,31230.352796499086,186163.64307244786,353401.596779014,570795.5926479609
44.74091384277177,4847.130643139511,55.46344200009723,10196.390877678677,174.25418299109802,12836.126839484254,115429.628110558,910774.1576167403,447328.2769766828,1473532.062703981
19.60492800019608,3828.872956316449,80.39425122550273,7179.012729248015,232.00158973459676,4126.755110157364,56320.7248297954,207491.37809197124,167197.42977999948,431009.5327017661
29.92445218322558,6806.480094314083,73.04166621173499,1746.118870591394,282.67180913951387,8720.312388311588,123047.90756536726,67860.36888586628,450696.18887169636,641604.4653229299
21.06117095737078,7997.881079630119,146.68454997992853,19588.740954080276,179.31870005525997,8959.548871065454,112441.2809331068,1585448.7239783215,357009.9242768616,2054899.92918829
28.05031186174703,9523.601988136308,72.4293483285045,19349.196986575203,174.93440430774882,10828.1712253319,151318.6624734984,1058251.2673792,398514.98361399316,1608084.9134666915
47.47421204114568,12267.842349548899,134.84253790905245,7570.315869798074,205.8123382444344,13661.73878920346,1303199.880365387,291032.10935055173,512456.24180781055,2106688.2315237494
7.865545612556175,8839.814976123851,80.29309056404293,16303.170817873603,200.8235223634211,12130.359490089642,68387.5563425119,944419.874903516,464660.42573313037,1477467.8569791582
40.19290754141844,7754.36719838579,68.16139677566026,6052.640562010257,282.1342740817129,13312.576043049068,160346.19290143513,163765.33713832183,598220.0160520168,922331.5460917738
7.828447629568382,12019.691961134495,109.06378339946377,18832.06588598948,213.56551798963852,2493.907508805403,113628.55746531996,1319242.285861827,96549.43791110073,1529420.2812382476
41.91158160316566,11668.20717123095,116.10142542473203,4442.482301951573,201.31989001678426,7287.380549823709,224129.27693517858,224415.73141354704,335638.70853426924,784183.7168829949
1.9011431508258698,6126.593682436072,128.0631717425557,8926.674952726953,286.4322709518208,14009.778113739087,23338.593983252948,326095.3725410686,759016.2357981463,1108450.202322468
6.769803061616916,10466.85796300562,145.22217856975948,4247.791645996118,264.3261880772467,5540.955924019475,71336.34510825842,243647.9349365561,241186.2235963164,556170.5036411309
29.249307300198424,2464.1073035522923,54.24222982068917,8944.750975093193,271.77100775263295,6344.406707507648,45764.12647874576,201002.83257402052,280411.76204947714,527178.7211022434
28.154722123273878,7350.528055225155,110.15538792998241,18061.328290107984,215.05414969805702,5452.176247360009,125333.58883008469,1298673.7937085764,211882.78043763078,1635890.162976292
1.5387956042655433,10828.112072390579,60.251596406647444,1315.2571320193597,291.1488483861656,7489.837353599791,31347.272276116084,45855.45837782917,417740.97730969044,494943.7079636357
43.820613800563244,7235.6623185769195,86.92807702155412,4097.363162482838,270.76459680617023,13924.763078277107,160534.56224157498,175695.74849747884,604116.2557136724,940346.5664527263
30.425326161249014,2683.408163912727,132.75063198732212,1450.4473192458493,209.2580006785194,3785.5577068400603,50997.52739320719,79059.11742782519,144924.28650159528,274980.93132262764
33.58679705276652,5191.627101513014,119.72093819096368,16863.996908193672,157.68951887639972,4033.660637975864,104532.45857243176,1281006.5599667642,132235.32078005746,1517774.3393192533
21.519755719711583,19968.602716466045,142.0994521096576,5398.029061540664,217.55255786711894,1852.3505949266232,491554.5248829766,225985.13720872477,72444.18552978832,789983.8476214898
19.773787884225374,18729.153295527594,119.45954272532853,17499.780954991747,262.3444726290598,12828.392818783352,441502.0121283905,1330384.4406467027,559759.6333433851,2331646.0861184783
3.301332371977697,9003.713012587368,136.16909037873452,8972.920273329397,245.2116211656044,8005.777953946073,42081.96340965633,339192.3718436754,395472.7984051828,776747.1336585145
15.145993101764294,11865.573153316544,135.65372237479266,1214.748195191427,222.3901853492281,10193.668026720921,125474.3515796122,67030.2627213695,436665.0587915213,629169.673092503
15.558964065535577,7882.47339139348,106.20727944025711,1764.90205717541,257.2687529725332,2660.9193495505933,93300.54687054438,84766.00240009578,114112.76569968488,292179.31497032504
2.527973618002949,6675.785898186688,88.43550385241349,6158.348048311515,187.82593162432948,6493.856354628868,29115.247217138443,192465.2852092276,234297.2368798121,455877.7693061781
30.158818604312486,5926.638418449701,133.89973277180107,8119.717439640152,168.51747987155326,1947.3427815841208,112057.09059053825,307930.7092403728,66204.22042249769,486192.0202534088
17.37795065003108,4535.926939079269,93.76613281482034,16814.907253558904,296.5925734765394,13257.851582717165,62202.84459889098,1110670.5020783306,613097.8211110663,1785971.1677882879
4.681751305054629,10176.40856962175,131.7128142015585,5295.502349200691,275.8649548199417,1847.1737619487358,56447.39810793732,213112.57355515275,82316.43667049879,351876.40833358886
36.681249053976565,3536.1194759029318,104.64303160778474,16528.800932051498,232.59906888548466,3718.1771017446454,74964.61743424214,1144807.235080509,150856.7527454868,1370628.6052602378
25.279074494103725,2531.4287613853685,146.70352752561462,18677.569983217185,172.97167501259344,1266.2758329950825,43178.30653739399,1555150.5650457158,43669.59093702085,1641998.4625201307
13.073699628716234,9300.163349688411,121.845394732255,7411.63130032035,259.68758840210626,13652.996155528821,95325.94213833715,269819.41703761625,582023.5924299262,947168.9516058796
35.04012707186691,4019.2551857177177,130.00034817636814,5011.392908602711,236.0344920040065,11298.290671114795,82956.20820919187,202353.4586233802,483458.2066006444,768767.8734332165
29.921302676585267,3571.727563276025,89.65536819899631,1974.583130643096,247.26968353503557,10480.390940195068,67220.84583346112,86162.98014877601,471461.8511448425,624845.6771270796
5.487521593005074,13482.147969075651,136.52957589089124,9400.033658914681,284.60959774823795,14004.271860316841,1740011.294055935,353894.76869834145,681464.5023961152,2775370.565150392
45.9483651976499,19175.6778005857,65.72732081797153,7353.622400786225,167.90715170072951,10561.187882314054,743200.592117699,189022.58198520547,383192.07957028906,1315415.2536731935
22.85428287493983,6361.554419170803,137.14140341908544,4065.9798093792792,239.5968567496068,3838.2510883022096,100376.31171656636,225756.32756236038,158286.10008783586,484418.73936676263
